,Compound Score,Handle,Negativity Score,Neutrality Score,Positivity Score,Timestamp,Tweets Ago
0,0.0,@BBC,0.0,1.0,0.0,2017-12-13 20:00:10,-1.0
1,0.3384,@BBC,0.0,0.854,0.146,2017-12-13 19:31:04,-2.0
2,0.2263,@BBC,0.0,0.917,0.083,2017-12-13 19:00:02,-3.0
3,-0.4215,@BBC,0.189,0.811,0.0,2017-12-13 18:32:04,-4.0
4,0.128,@BBC,0.0,0.919,0.081,2017-12-13 18:00:12,-5.0
5,0.0,@BBC,0.0,1.0,0.0,2017-12-13 17:30:01,-6.0
6,0.8658,@BBC,0.0,0.65,0.35,2017-12-13 17:23:02,-7.0
7,0.0,@BBC,0.0,1.0,0.0,2017-12-13 17:00:14,-8.0
8,0.2023,@BBC,0.0,0.87,0.13,2017-12-13 15:49:03,-9.0
9,0.6249,@BBC,0.0,0.819,0.181,2017-12-13 15:39:29,-10.0
10,0.7506,@BBC,0.0,0.738,0.262,2017-12-13 15:12:05,-11.0
11,-0.25,@BBC,0.118,0.882,0.0,2017-12-13 14:37:03,-12.0
12,0.5255,@BBC,0.0,0.804,0.196,2017-12-13 14:03:03,-13.0
13,0.6597,@BBC,0.0,0.779,0.221,2017-12-13 13:30:05,-14.0
14,0.0,@BBC,0.0,1.0,0.0,2017-12-13 13:14:21,-15.0
15,0.6114,@BBC,0.0,0.75,0.25,2017-12-13 13:11:33,-16.0
16,0.7901,@BBC,0.0,0.731,0.269,2017-12-13 13:00:02,-17.0
17,0.0,@BBC,0.0,1.0,0.0,2017-12-13 12:30:02,-18.0
18,0.0,@BBC,0.0,1.0,0.0,2017-12-13 12:27:30,-19.0
19,0.8777,@BBC,0.0,0.581,0.419,2017-12-13 12:21:18,-20.0
20,0.9455,@BBC,0.0,0.567,0.433,2017-12-13 12:09:04,-21.0
21,0.0,@BBC,0.0,1.0,0.0,2017-12-13 12:00:08,-22.0
22,0.0,@BBC,0.0,1.0,0.0,2017-12-13 11:52:55,-23.0
23,-0.3182,@BBC,0.087,0.913,0.0,2017-12-13 11:42:41,-24.0
24,0.5719,@BBC,0.0,0.802,0.198,2017-12-13 10:39:21,-25.0
25,-0.296,@BBC,0.121,0.879,0.0,2017-12-13 10:18:11,-26.0
26,-0.6486,@BBC,0.177,0.823,0.0,2017-12-13 09:00:05,-27.0
27,0.5267,@BBC,0.161,0.476,0.363,2017-12-13 08:40:01,-28.0
28,0.9118,@BBC,0.0,0.58,0.42,2017-12-13 08:20:03,-29.0
29,0.0,@BBC,0.0,1.0,0.0,2017-12-13 08:00:04,-30.0
30,-0.4137,@BBC,0.194,0.731,0.075,2017-12-13 07:38:04,-31.0
31,-0.5719,@BBC,0.3,0.558,0.142,2017-12-12 20:30:05,-32.0
32,0.0,@BBC,0.0,1.0,0.0,2017-12-12 20:00:09,-33.0
33,0.0,@BBC,0.0,1.0,0.0,2017-12-12 19:30:05,-34.0
34,-0.0062,@BBC,0.113,0.775,0.112,2017-12-12 19:19:59,-35.0
35,0.4939,@BBC,0.0,0.878,0.122,2017-12-12 19:19:47,-36.0
36,0.541,@BBC,0.0,0.83,0.17,2017-12-12 19:19:14,-37.0
37,0.3182,@BBC,0.0,0.909,0.091,2017-12-12 19:19:06,-38.0
38,0.0,@BBC,0.0,1.0,0.0,2017-12-12 19:18:57,-39.0
39,0.0,@BBC,0.0,1.0,0.0,2017-12-12 19:18:27,-40.0
40,0.0,@BBC,0.0,1.0,0.0,2017-12-12 19:17:56,-41.0
41,0.6369,@BBC,0.0,0.741,0.259,2017-12-12 19:16:42,-42.0
42,0.0,@BBC,0.0,1.0,0.0,2017-12-12 19:00:03,-43.0
43,0.0,@BBC,0.0,1.0,0.0,2017-12-12 18:30:05,-44.0
44,0.6369,@BBC,0.0,0.781,0.219,2017-12-12 18:00:07,-45.0
45,0.0,@BBC,0.0,1.0,0.0,2017-12-12 17:30:05,-46.0
46,0.743,@BBC,0.0,0.69,0.31,2017-12-12 16:58:17,-47.0
47,0.5994,@BBC,0.0,0.738,0.262,2017-12-12 16:30:01,-48.0
48,-0.1779,@BBC,0.153,0.723,0.123,2017-12-12 16:07:17,-49.0
49,0.8176,@BBC,0.0,0.585,0.415,2017-12-12 15:34:04,-50.0
50,0.6597,@BBC,0.0,0.649,0.351,2017-12-12 15:05:52,-51.0
51,0.0,@BBC,0.0,1.0,0.0,2017-12-12 15:04:37,-52.0
52,0.4754,@BBC,0.0,0.86,0.14,2017-12-12 15:00:10,-53.0
53,0.4767,@BBC,0.0,0.853,0.147,2017-12-12 14:30:09,-54.0
54,0.0,@BBC,0.0,1.0,0.0,2017-12-12 14:00:05,-55.0
55,-0.2263,@BBC,0.119,0.881,0.0,2017-12-12 13:30:04,-56.0
56,0.0,@BBC,0.0,1.0,0.0,2017-12-12 13:00:05,-57.0
57,0.4648,@BBC,0.0,0.832,0.168,2017-12-12 12:50:40,-58.0
58,0.3201,@BBC,0.0,0.892,0.108,2017-12-12 12:50:26,-59.0
59,0.0,@BBC,0.0,1.0,0.0,2017-12-12 12:30:01,-60.0
60,0.0,@BBC,0.0,1.0,0.0,2017-12-12 12:00:09,-61.0
61,0.4503,@BBC,0.0,0.886,0.114,2017-12-12 10:53:45,-62.0
62,0.5267,@BBC,0.0,0.88,0.12,2017-12-12 10:52:21,-63.0
63,0.7717,@BBC,0.0,0.7,0.3,2017-12-12 10:46:48,-64.0
64,0.4588,@BBC,0.0,0.88,0.12,2017-12-12 10:46:26,-65.0
65,0.0,@BBC,0.0,1.0,0.0,2017-12-12 10:38:16,-66.0
66,-0.1779,@BBC,0.167,0.727,0.105,2017-12-12 10:33:47,-67.0
67,0.4019,@BBC,0.0,0.838,0.162,2017-12-12 09:43:09,-68.0
68,0.0,@BBC,0.0,1.0,0.0,2017-12-12 09:00:06,-69.0
69,0.5859,@BBC,0.0,0.833,0.167,2017-12-12 08:40:01,-70.0
70,0.0,@BBC,0.0,1.0,0.0,2017-12-12 08:37:40,-71.0
71,0.0,@BBC,0.0,1.0,0.0,2017-12-12 08:37:09,-72.0
72,0.0,@BBC,0.0,1.0,0.0,2017-12-12 08:37:01,-73.0
73,0.6697,@BBC,0.0,0.756,0.244,2017-12-12 08:36:40,-74.0
74,-0.34,@BBC,0.134,0.787,0.079,2017-12-12 08:36:18,-75.0
75,0.0,@BBC,0.0,1.0,0.0,2017-12-12 08:36:06,-76.0
76,0.0,@BBC,0.0,1.0,0.0,2017-12-12 08:20:04,-77.0
77,-0.5267,@BBC,0.159,0.841,0.0,2017-12-12 08:00:03,-78.0
78,0.0,@BBC,0.0,1.0,0.0,2017-12-12 07:38:04,-79.0
79,-0.4019,@BBC,0.231,0.769,0.0,2017-12-11 20:00:06,-80.0
80,0.0,@BBC,0.0,1.0,0.0,2017-12-11 19:30:11,-81.0
81,0.4939,@BBC,0.0,0.849,0.151,2017-12-11 19:00:03,-82.0
82,-0.5574,@BBC,0.135,0.865,0.0,2017-12-11 18:30:06,-83.0
83,0.0,@BBC,0.0,1.0,0.0,2017-12-11 18:00:10,-84.0
84,0.34,@BBC,0.0,0.888,0.112,2017-12-11 17:35:53,-85.0
85,0.4939,@BBC,0.0,0.814,0.186,2017-12-11 17:30:01,-86.0
86,0.128,@BBC,0.0,0.933,0.067,2017-12-11 17:21:48,-87.0
87,-0.5574,@BBC,0.146,0.854,0.0,2017-12-11 17:03:13,-88.0
88,0.0,@BBC,0.0,1.0,0.0,2017-12-11 17:03:04,-89.0
89,0.0,@BBC,0.0,1.0,0.0,2017-12-11 16:58:38,-90.0
90,0.0,@BBC,0.0,1.0,0.0,2017-12-11 16:57:18,-91.0
91,0.4199,@BBC,0.0,0.872,0.128,2017-12-11 16:43:25,-92.0
92,0.4588,@BBC,0.0,0.85,0.15,2017-12-11 16:14:33,-93.0
93,0.0,@BBC,0.0,1.0,0.0,2017-12-11 16:08:53,-94.0
94,0.7177,@BBC,0.0,0.667,0.333,2017-12-11 16:00:02,-95.0
95,0.0,@BBC,0.0,1.0,0.0,2017-12-11 15:54:56,-96.0
96,-0.296,@BBC,0.104,0.896,0.0,2017-12-11 15:30:07,-97.0
97,0.2023,@BBC,0.0,0.887,0.113,2017-12-11 14:56:13,-98.0
98,0.0,@BBC,0.0,1.0,0.0,2017-12-11 14:51:53,-99.0
99,-0.743,@BBC,0.296,0.704,0.0,2017-12-11 14:44:09,-100.0
0,0.5093,@CBS,0.0,0.798,0.202,2017-12-13 18:56:58,-1.0
1,0.0,@CBS,0.0,1.0,0.0,2017-12-12 20:34:16,-2.0
2,0.7644,@CBS,0.0,0.476,0.524,2017-12-12 19:31:42,-3.0
3,0.5562,@CBS,0.0,0.854,0.146,2017-12-12 19:04:59,-4.0
4,0.555,@CBS,0.0,0.826,0.174,2017-12-12 17:13:52,-5.0
5,0.8832,@CBS,0.0,0.636,0.364,2017-12-11 21:29:33,-6.0
6,0.4939,@CBS,0.086,0.703,0.211,2017-12-11 19:05:21,-7.0
7,-0.2263,@CBS,0.083,0.917,0.0,2017-12-11 00:26:50,-8.0
8,-0.2263,@CBS,0.087,0.913,0.0,2017-12-11 00:25:54,-9.0
9,0.0772,@CBS,0.0,0.936,0.064,2017-12-10 22:49:02,-10.0
10,0.0,@CBS,0.0,1.0,0.0,2017-12-10 22:48:46,-11.0
11,0.5754,@CBS,0.07,0.742,0.189,2017-12-09 18:24:37,-12.0
12,0.6476,@CBS,0.0,0.791,0.209,2017-12-09 01:11:51,-13.0
13,0.8126,@CBS,0.0,0.697,0.303,2017-12-08 23:35:41,-14.0
14,0.7777,@CBS,0.0,0.746,0.254,2017-12-07 18:23:03,-15.0
15,0.5423,@CBS,0.0,0.863,0.137,2017-12-07 12:07:06,-16.0
16,0.3182,@CBS,0.0,0.874,0.126,2017-12-06 17:32:28,-17.0
17,0.1511,@CBS,0.0,0.91,0.09,2017-12-05 19:21:31,-18.0
18,0.4199,@CBS,0.0,0.883,0.117,2017-12-05 19:14:00,-19.0
19,0.5106,@CBS,0.0,0.837,0.163,2017-12-05 00:54:16,-20.0
20,0.0,@CBS,0.0,1.0,0.0,2017-12-05 00:03:06,-21.0
21,0.3612,@CBS,0.0,0.894,0.106,2017-12-04 20:52:31,-22.0
22,0.9217,@CBS,0.0,0.496,0.504,2017-12-04 19:22:07,-23.0
23,0.5213,@CBS,0.0,0.813,0.187,2017-12-04 07:14:06,-24.0
24,-0.5655,@CBS,0.177,0.823,0.0,2017-12-04 03:02:00,-25.0
25,0.9466,@CBS,0.0,0.328,0.672,2017-12-04 03:01:09,-26.0
26,0.5994,@CBS,0.0,0.719,0.281,2017-12-04 02:51:35,-27.0
27,0.7906,@CBS,0.0,0.731,0.269,2017-12-04 02:49:27,-28.0
28,0.8689,@CBS,0.0,0.671,0.329,2017-12-04 02:47:39,-29.0
29,0.8016,@CBS,0.0,0.736,0.264,2017-12-04 02:43:14,-30.0
30,0.5719,@CBS,0.0,0.844,0.156,2017-12-04 02:26:30,-31.0
31,0.0,@CBS,0.0,1.0,0.0,2017-12-04 02:22:42,-32.0
32,0.25,@CBS,0.0,0.867,0.133,2017-12-04 02:12:59,-33.0
33,0.0,@CBS,0.0,1.0,0.0,2017-12-04 01:56:26,-34.0
34,0.0,@CBS,0.0,1.0,0.0,2017-12-04 01:55:44,-35.0
35,0.8591,@CBS,0.0,0.513,0.487,2017-12-04 01:43:24,-36.0
36,-0.2263,@CBS,0.076,0.924,0.0,2017-12-04 01:33:37,-37.0
37,0.5574,@CBS,0.0,0.806,0.194,2017-12-04 01:24:51,-38.0
38,0.3612,@CBS,0.0,0.762,0.238,2017-12-04 01:13:30,-39.0
39,0.4588,@CBS,0.0,0.864,0.136,2017-12-04 01:11:57,-40.0
40,0.807,@CBS,0.0,0.644,0.356,2017-12-04 01:05:31,-41.0
41,0.4574,@CBS,0.0,0.87,0.13,2017-12-04 01:00:09,-42.0
42,-0.2263,@CBS,0.095,0.905,0.0,2017-12-04 00:25:16,-43.0
43,0.8271,@CBS,0.0,0.648,0.352,2017-12-03 20:00:02,-44.0
44,0.7783,@CBS,0.0,0.714,0.286,2017-12-03 18:44:14,-45.0
45,0.8658,@CBS,0.0,0.614,0.386,2017-12-03 17:32:01,-46.0
46,0.8516,@CBS,0.0,0.647,0.353,2017-12-03 13:00:04,-47.0
47,0.7897,@CBS,0.0,0.72,0.28,2017-12-03 12:00:01,-48.0
48,0.6166,@CBS,0.0,0.825,0.175,2017-12-02 15:55:39,-49.0
49,0.1867,@CBS,0.0,0.902,0.098,2017-12-02 14:30:03,-50.0
50,0.6996,@CBS,0.0,0.821,0.179,2017-12-02 13:00:07,-51.0
51,-0.3595,@CBS,0.128,0.872,0.0,2017-12-02 12:00:03,-52.0
52,0.3612,@CBS,0.0,0.884,0.116,2017-12-01 22:43:05,-53.0
53,0.4199,@CBS,0.0,0.866,0.134,2017-12-01 22:15:28,-54.0
54,0.7707,@CBS,0.0,0.718,0.282,2017-12-01 21:00:12,-55.0
55,0.0,@CBS,0.0,1.0,0.0,2017-12-01 20:17:18,-56.0
56,0.8221,@CBS,0.0,0.691,0.309,2017-12-01 19:32:18,-57.0
57,0.0,@CBS,0.0,1.0,0.0,2017-12-01 18:40:34,-58.0
58,0.0,@CBS,0.0,1.0,0.0,2017-12-01 18:16:37,-59.0
59,0.0,@CBS,0.0,1.0,0.0,2017-12-01 18:10:11,-60.0
60,0.6893,@CBS,0.0,0.749,0.251,2017-12-01 14:00:04,-61.0
61,0.1901,@CBS,0.0,0.907,0.093,2017-12-01 12:00:03,-62.0
62,0.296,@CBS,0.0,0.872,0.128,2017-12-01 01:31:30,-63.0
63,0.0,@CBS,0.0,1.0,0.0,2017-11-30 21:10:19,-64.0
64,0.6115,@CBS,0.0,0.773,0.227,2017-11-30 20:54:39,-65.0
65,0.0,@CBS,0.0,1.0,0.0,2017-11-30 17:40:02,-66.0
66,0.6808,@CBS,0.0,0.752,0.248,2017-11-30 17:30:05,-67.0
67,0.3612,@CBS,0.0,0.865,0.135,2017-11-30 15:00:05,-68.0
68,0.0,@CBS,0.0,1.0,0.0,2017-11-30 12:00:03,-69.0
69,-0.3595,@CBS,0.128,0.872,0.0,2017-11-30 07:52:09,-70.0
70,0.6239,@CBS,0.0,0.55,0.45,2017-11-30 04:09:55,-71.0
71,0.0,@CBS,0.0,1.0,0.0,2017-11-30 04:00:27,-72.0
72,0.5542,@CBS,0.0,0.796,0.204,2017-11-30 03:59:09,-73.0
73,0.0,@CBS,0.0,1.0,0.0,2017-11-30 03:55:37,-74.0
74,0.0,@CBS,0.0,1.0,0.0,2017-11-30 03:51:38,-75.0
75,0.0,@CBS,0.0,1.0,0.0,2017-11-30 03:44:54,-76.0
76,0.7482,@CBS,0.0,0.566,0.434,2017-11-30 03:37:13,-77.0
77,0.8513,@CBS,0.0,0.458,0.542,2017-11-30 03:35:13,-78.0
78,0.7232,@CBS,0.0,0.698,0.302,2017-11-30 03:33:32,-79.0
79,0.0,@CBS,0.0,1.0,0.0,2017-11-30 03:23:03,-80.0
80,0.8979,@CBS,0.049,0.557,0.394,2017-11-30 03:11:31,-81.0
81,0.0,@CBS,0.0,1.0,0.0,2017-11-30 03:09:54,-82.0
82,0.6988,@CBS,0.0,0.548,0.452,2017-11-30 03:07:20,-83.0
83,0.0,@CBS,0.0,1.0,0.0,2017-11-30 03:06:38,-84.0
84,0.7067,@CBS,0.0,0.754,0.246,2017-11-30 03:03:15,-85.0
85,0.0,@CBS,0.0,1.0,0.0,2017-11-30 03:02:34,-86.0
86,0.0,@CBS,0.0,1.0,0.0,2017-11-30 02:59:59,-87.0
87,0.6514,@CBS,0.0,0.842,0.158,2017-11-30 02:45:03,-88.0
88,0.1139,@CBS,0.0,0.936,0.064,2017-11-30 00:06:05,-89.0
89,0.6825,@CBS,0.0,0.772,0.228,2017-11-29 23:20:13,-90.0
90,0.5826,@CBS,0.0,0.848,0.152,2017-11-29 23:15:24,-91.0
91,0.0,@CBS,0.0,1.0,0.0,2017-11-29 23:14:57,-92.0
92,0.0,@CBS,0.0,1.0,0.0,2017-11-29 23:13:40,-93.0
93,0.0,@CBS,0.0,1.0,0.0,2017-11-29 22:34:56,-94.0
94,0.0,@CBS,0.0,1.0,0.0,2017-11-29 21:07:33,-95.0
95,0.4559,@CBS,0.0,0.858,0.142,2017-11-29 20:41:13,-96.0
96,0.0,@CBS,0.0,1.0,0.0,2017-11-29 15:00:07,-97.0
97,0.6124,@CBS,0.0,0.8,0.2,2017-11-29 12:00:06,-98.0
98,0.4926,@CBS,0.0,0.842,0.158,2017-11-29 09:09:48,-99.0
99,0.6696,@CBS,0.0,0.809,0.191,2017-11-29 08:39:05,-100.0
0,0.0,@CNN,0.0,1.0,0.0,2017-12-13 21:51:19,-1.0
1,-0.2732,@CNN,0.12,0.813,0.067,2017-12-13 21:46:05,-2.0
2,0.743,@CNN,0.0,0.717,0.283,2017-12-13 21:30:54,-3.0
3,0.4019,@CNN,0.0,0.886,0.114,2017-12-13 21:28:51,-4.0
4,0.0,@CNN,0.0,1.0,0.0,2017-12-13 21:20:15,-5.0
5,0.368,@CNN,0.055,0.829,0.116,2017-12-13 21:15:56,-6.0
6,0.0,@CNN,0.0,1.0,0.0,2017-12-13 21:09:50,-7.0
7,-0.3612,@CNN,0.128,0.872,0.0,2017-12-13 21:09:21,-8.0
8,0.4019,@CNN,0.0,0.881,0.119,2017-12-13 20:52:21,-9.0
9,-0.6597,@CNN,0.286,0.714,0.0,2017-12-13 20:39:53,-10.0
10,0.0772,@CNN,0.0,0.894,0.106,2017-12-13 20:20:22,-11.0
11,-0.4019,@CNN,0.16,0.743,0.097,2017-12-13 20:12:06,-12.0
12,0.1027,@CNN,0.0,0.938,0.062,2017-12-13 20:11:27,-13.0
13,0.0,@CNN,0.0,1.0,0.0,2017-12-13 20:10:10,-14.0
14,0.0,@CNN,0.0,1.0,0.0,2017-12-13 20:05:25,-15.0
15,-0.5106,@CNN,0.216,0.784,0.0,2017-12-13 20:00:12,-16.0
16,0.3612,@CNN,0.0,0.894,0.106,2017-12-13 19:50:51,-17.0
17,0.4019,@CNN,0.153,0.627,0.22,2017-12-13 19:40:11,-18.0
18,-0.2782,@CNN,0.092,0.908,0.0,2017-12-13 19:30:07,-19.0
19,0.0,@CNN,0.0,1.0,0.0,2017-12-13 19:20:10,-20.0
20,0.128,@CNN,0.11,0.759,0.131,2017-12-13 19:11:04,-21.0
21,0.5719,@CNN,0.0,0.73,0.27,2017-12-13 19:00:39,-22.0
22,0.0,@CNN,0.0,1.0,0.0,2017-12-13 18:50:10,-23.0
23,-0.3818,@CNN,0.236,0.63,0.134,2017-12-13 18:49:38,-24.0
24,0.0,@CNN,0.0,1.0,0.0,2017-12-13 18:44:26,-25.0
25,0.0,@CNN,0.0,1.0,0.0,2017-12-13 18:40:08,-26.0
26,0.0,@CNN,0.0,1.0,0.0,2017-12-13 18:30:12,-27.0
27,0.0,@CNN,0.0,1.0,0.0,2017-12-13 18:20:15,-28.0
28,0.0,@CNN,0.0,1.0,0.0,2017-12-13 18:10:10,-29.0
29,0.0,@CNN,0.0,1.0,0.0,2017-12-13 18:06:49,-30.0
30,-0.25,@CNN,0.143,0.857,0.0,2017-12-13 18:00:18,-31.0
31,0.1531,@CNN,0.0,0.926,0.074,2017-12-13 17:50:08,-32.0
32,0.0772,@CNN,0.096,0.795,0.109,2017-12-13 17:40:05,-33.0
33,-0.91,@CNN,0.365,0.635,0.0,2017-12-13 17:29:06,-34.0
34,0.0,@CNN,0.0,1.0,0.0,2017-12-13 17:20:15,-35.0
35,0.0,@CNN,0.0,1.0,0.0,2017-12-13 17:09:08,-36.0
36,0.296,@CNN,0.071,0.802,0.127,2017-12-13 16:58:23,-37.0
37,0.5106,@CNN,0.0,0.852,0.148,2017-12-13 16:45:38,-38.0
38,0.0,@CNN,0.0,1.0,0.0,2017-12-13 16:35:32,-39.0
39,0.4939,@CNN,0.092,0.692,0.215,2017-12-13 16:35:22,-40.0
40,-0.7906,@CNN,0.259,0.741,0.0,2017-12-13 16:21:32,-41.0
41,0.4019,@CNN,0.0,0.876,0.124,2017-12-13 16:10:04,-42.0
42,0.3947,@CNN,0.0,0.84,0.16,2017-12-13 16:00:07,-43.0
43,-0.3818,@CNN,0.206,0.794,0.0,2017-12-13 15:50:13,-44.0
44,0.0,@CNN,0.0,1.0,0.0,2017-12-13 15:43:09,-45.0
45,-0.8591,@CNN,0.429,0.571,0.0,2017-12-13 15:34:31,-46.0
46,0.7184,@CNN,0.051,0.684,0.265,2017-12-13 15:20:10,-47.0
47,0.0,@CNN,0.0,1.0,0.0,2017-12-13 15:20:05,-48.0
48,0.5799,@CNN,0.092,0.643,0.265,2017-12-13 15:15:38,-49.0
49,-0.0258,@CNN,0.12,0.766,0.115,2017-12-13 15:00:11,-50.0
50,0.5719,@CNN,0.0,0.837,0.163,2017-12-13 14:50:06,-51.0
51,-0.2952,@CNN,0.145,0.855,0.0,2017-12-13 14:40:11,-52.0
52,0.6597,@CNN,0.0,0.769,0.231,2017-12-13 14:34:55,-53.0
53,0.0258,@CNN,0.1,0.795,0.105,2017-12-13 14:25:26,-54.0
54,0.5719,@CNN,0.0,0.764,0.236,2017-12-13 14:10:05,-55.0
55,0.296,@CNN,0.071,0.802,0.127,2017-12-13 13:58:07,-56.0
56,0.3818,@CNN,0.0,0.874,0.126,2017-12-13 13:48:56,-57.0
57,0.0258,@CNN,0.1,0.795,0.105,2017-12-13 13:39:32,-58.0
58,0.0,@CNN,0.0,1.0,0.0,2017-12-13 13:31:08,-59.0
59,0.3182,@CNN,0.0,0.913,0.087,2017-12-13 13:20:56,-60.0
60,0.0,@CNN,0.0,1.0,0.0,2017-12-13 13:11:21,-61.0
61,0.0258,@CNN,0.086,0.824,0.09,2017-12-13 12:48:05,-62.0
62,-0.8074,@CNN,0.304,0.696,0.0,2017-12-13 12:47:49,-63.0
63,0.0,@CNN,0.0,1.0,0.0,2017-12-13 12:40:03,-64.0
64,0.0,@CNN,0.0,1.0,0.0,2017-12-13 12:25:07,-65.0
65,-0.91,@CNN,0.365,0.635,0.0,2017-12-13 12:17:34,-66.0
66,0.0258,@CNN,0.0,0.891,0.109,2017-12-13 11:57:06,-67.0
67,0.0,@CNN,0.0,1.0,0.0,2017-12-13 11:49:46,-68.0
68,-0.3818,@CNN,0.206,0.794,0.0,2017-12-13 11:35:22,-69.0
69,-0.5574,@CNN,0.184,0.816,0.0,2017-12-13 11:27:39,-70.0
70,-0.3818,@CNN,0.206,0.794,0.0,2017-12-13 11:13:29,-71.0
71,-0.5216,@CNN,0.204,0.796,0.0,2017-12-13 11:06:21,-72.0
72,0.0,@CNN,0.0,1.0,0.0,2017-12-13 10:52:07,-73.0
73,0.6453,@CNN,0.0,0.652,0.348,2017-12-13 10:42:05,-74.0
74,-0.5106,@CNN,0.148,0.852,0.0,2017-12-13 10:42:03,-75.0
75,0.0,@CNN,0.0,1.0,0.0,2017-12-13 10:25:30,-76.0
76,0.0,@CNN,0.0,1.0,0.0,2017-12-13 09:52:16,-77.0
77,0.7845,@CNN,0.0,0.635,0.365,2017-12-13 09:45:46,-78.0
78,-0.5367,@CNN,0.278,0.722,0.0,2017-12-13 09:37:34,-79.0
79,0.0,@CNN,0.0,1.0,0.0,2017-12-13 09:25:41,-80.0
80,0.2023,@CNN,0.0,0.899,0.101,2017-12-13 09:18:02,-81.0
81,0.5859,@CNN,0.0,0.808,0.192,2017-12-13 09:06:01,-82.0
82,0.0,@CNN,0.0,1.0,0.0,2017-12-13 09:01:06,-83.0
83,-0.91,@CNN,0.365,0.635,0.0,2017-12-13 08:59:55,-84.0
84,-0.0516,@CNN,0.057,0.943,0.0,2017-12-13 08:45:47,-85.0
85,-0.6486,@CNN,0.227,0.773,0.0,2017-12-13 08:32:58,-86.0
86,0.4767,@CNN,0.09,0.73,0.18,2017-12-13 08:31:05,-87.0
87,0.4767,@CNN,0.0,0.744,0.256,2017-12-13 08:14:18,-88.0
88,0.5994,@CNN,0.094,0.644,0.262,2017-12-13 08:01:06,-89.0
89,0.6908,@CNN,0.0,0.725,0.275,2017-12-13 07:48:12,-90.0
90,-0.6597,@CNN,0.351,0.649,0.0,2017-12-13 07:31:12,-91.0
91,0.0772,@CNN,0.098,0.791,0.112,2017-12-13 07:30:56,-92.0
92,0.1779,@CNN,0.0,0.922,0.078,2017-12-13 07:16:58,-93.0
93,-0.6597,@CNN,0.213,0.787,0.0,2017-12-13 07:01:06,-94.0
94,-0.6486,@CNN,0.227,0.773,0.0,2017-12-13 06:46:41,-95.0
95,0.6705,@CNN,0.0,0.776,0.224,2017-12-13 06:31:06,-96.0
96,0.0,@CNN,0.0,1.0,0.0,2017-12-13 06:31:03,-97.0
97,-0.765,@CNN,0.258,0.742,0.0,2017-12-13 06:13:07,-98.0
98,0.0,@CNN,0.0,1.0,0.0,2017-12-13 06:08:04,-99.0
99,-0.5574,@CNN,0.159,0.841,0.0,2017-12-13 06:02:15,-100.0
0,0.5859,@FoxNews,0.0,0.774,0.226,2017-12-13 21:52:02,-1.0
1,-0.3612,@FoxNews,0.172,0.828,0.0,2017-12-13 21:49:08,-2.0
2,0.0,@FoxNews,0.0,1.0,0.0,2017-12-13 21:36:26,-3.0
3,-0.0516,@FoxNews,0.13,0.87,0.0,2017-12-13 21:32:30,-4.0
4,-0.3612,@FoxNews,0.116,0.884,0.0,2017-12-13 21:26:19,-5.0
5,-0.296,@FoxNews,0.136,0.864,0.0,2017-12-13 21:23:55,-6.0
6,0.5859,@FoxNews,0.0,0.798,0.202,2017-12-13 21:16:46,-7.0
7,0.0772,@FoxNews,0.0,0.885,0.115,2017-12-13 21:15:16,-8.0
8,0.0,@FoxNews,0.0,1.0,0.0,2017-12-13 21:13:55,-9.0
9,0.0,@FoxNews,0.0,1.0,0.0,2017-12-13 21:12:08,-10.0
10,0.7845,@FoxNews,0.0,0.592,0.408,2017-12-13 21:07:45,-11.0
11,-0.1945,@FoxNews,0.266,0.583,0.151,2017-12-13 21:07:19,-12.0
12,0.5859,@FoxNews,0.0,0.808,0.192,2017-12-13 21:06:59,-13.0
13,0.7424,@FoxNews,0.0,0.73,0.27,2017-12-13 21:06:18,-14.0
14,-0.5859,@FoxNews,0.286,0.714,0.0,2017-12-13 21:06:15,-15.0
15,0.4767,@FoxNews,0.0,0.721,0.279,2017-12-13 20:55:05,-16.0
16,0.2263,@FoxNews,0.08,0.802,0.118,2017-12-13 20:43:17,-17.0
17,0.7906,@FoxNews,0.0,0.692,0.308,2017-12-13 20:29:39,-18.0
18,0.399,@FoxNews,0.0,0.876,0.124,2017-12-13 20:29:12,-19.0
19,0.4767,@FoxNews,0.0,0.838,0.162,2017-12-13 20:26:02,-20.0
20,0.128,@FoxNews,0.0,0.927,0.073,2017-12-13 20:24:53,-21.0
21,-0.296,@FoxNews,0.099,0.901,0.0,2017-12-13 20:24:26,-22.0
22,-0.2023,@FoxNews,0.114,0.815,0.071,2017-12-13 20:24:20,-23.0
23,-0.4404,@FoxNews,0.195,0.805,0.0,2017-12-13 20:21:25,-24.0
24,0.7906,@FoxNews,0.0,0.692,0.308,2017-12-13 20:19:53,-25.0
25,-0.128,@FoxNews,0.081,0.919,0.0,2017-12-13 20:19:23,-26.0
26,0.5859,@FoxNews,0.0,0.743,0.257,2017-12-13 20:09:49,-27.0
27,0.6705,@FoxNews,0.0,0.756,0.244,2017-12-13 20:07:50,-28.0
28,0.4767,@FoxNews,0.0,0.693,0.307,2017-12-13 20:07:15,-29.0
29,0.1779,@FoxNews,0.0,0.779,0.221,2017-12-13 20:06:04,-30.0
30,-0.5367,@FoxNews,0.19,0.81,0.0,2017-12-13 20:04:59,-31.0
31,-0.2023,@FoxNews,0.128,0.793,0.079,2017-12-13 20:04:07,-32.0
32,0.1027,@FoxNews,0.102,0.777,0.121,2017-12-13 20:03:45,-33.0
33,-0.2732,@FoxNews,0.095,0.905,0.0,2017-12-13 20:01:35,-34.0
34,0.0,@FoxNews,0.0,1.0,0.0,2017-12-13 20:00:46,-35.0
35,0.0,@FoxNews,0.0,1.0,0.0,2017-12-13 20:00:06,-36.0
36,0.0,@FoxNews,0.0,1.0,0.0,2017-12-13 19:58:51,-37.0
37,0.4939,@FoxNews,0.0,0.814,0.186,2017-12-13 19:38:59,-38.0
38,-0.7003,@FoxNews,0.392,0.608,0.0,2017-12-13 19:37:47,-39.0
39,-0.4588,@FoxNews,0.2,0.8,0.0,2017-12-13 19:33:17,-40.0
40,-0.2732,@FoxNews,0.16,0.84,0.0,2017-12-13 19:32:01,-41.0
41,0.0,@FoxNews,0.0,1.0,0.0,2017-12-13 19:22:03,-42.0
42,-0.516,@FoxNews,0.217,0.783,0.0,2017-12-13 19:15:44,-43.0
43,0.0,@FoxNews,0.0,1.0,0.0,2017-12-13 19:10:00,-44.0
44,-0.3182,@FoxNews,0.119,0.881,0.0,2017-12-13 19:05:05,-45.0
45,-0.2732,@FoxNews,0.095,0.905,0.0,2017-12-13 18:58:55,-46.0
46,0.128,@FoxNews,0.134,0.701,0.166,2017-12-13 18:55:00,-47.0
47,0.6801,@FoxNews,0.0,0.781,0.219,2017-12-13 18:54:38,-48.0
48,0.0,@FoxNews,0.0,1.0,0.0,2017-12-13 18:49:39,-49.0
49,-0.3818,@FoxNews,0.265,0.735,0.0,2017-12-13 18:45:39,-50.0
50,-0.4215,@FoxNews,0.203,0.797,0.0,2017-12-13 18:40:00,-51.0
51,0.0,@FoxNews,0.0,1.0,0.0,2017-12-13 18:25:00,-52.0
52,0.0,@FoxNews,0.0,1.0,0.0,2017-12-13 18:09:22,-53.0
53,-0.2732,@FoxNews,0.095,0.905,0.0,2017-12-13 17:59:05,-54.0
54,-0.296,@FoxNews,0.167,0.833,0.0,2017-12-13 17:54:16,-55.0
55,0.4939,@FoxNews,0.0,0.842,0.158,2017-12-13 17:44:06,-56.0
56,-0.1531,@FoxNews,0.194,0.647,0.159,2017-12-13 17:40:00,-57.0
57,-0.296,@FoxNews,0.128,0.872,0.0,2017-12-13 17:38:54,-58.0
58,0.5106,@FoxNews,0.096,0.677,0.227,2017-12-13 17:33:13,-59.0
59,-0.3182,@FoxNews,0.119,0.881,0.0,2017-12-13 17:29:18,-60.0
60,-0.3818,@FoxNews,0.231,0.769,0.0,2017-12-13 17:22:38,-61.0
61,0.0,@FoxNews,0.0,1.0,0.0,2017-12-13 17:21:29,-62.0
62,0.296,@FoxNews,0.0,0.845,0.155,2017-12-13 17:18:08,-63.0
63,0.0,@FoxNews,0.0,1.0,0.0,2017-12-13 16:57:00,-64.0
64,0.3818,@FoxNews,0.0,0.874,0.126,2017-12-13 16:54:50,-65.0
65,-0.4019,@FoxNews,0.184,0.816,0.0,2017-12-13 16:42:16,-66.0
66,0.0,@FoxNews,0.0,1.0,0.0,2017-12-13 16:39:50,-67.0
67,-0.8481,@FoxNews,0.387,0.613,0.0,2017-12-13 16:38:34,-68.0
68,0.0,@FoxNews,0.0,1.0,0.0,2017-12-13 16:23:40,-69.0
69,-0.1779,@FoxNews,0.082,0.918,0.0,2017-12-13 16:11:51,-70.0
70,0.0,@FoxNews,0.0,1.0,0.0,2017-12-13 16:08:08,-71.0
71,0.0,@FoxNews,0.0,1.0,0.0,2017-12-13 16:03:58,-72.0
72,0.0,@FoxNews,0.0,1.0,0.0,2017-12-13 16:00:03,-73.0
73,0.0,@FoxNews,0.0,1.0,0.0,2017-12-13 15:54:16,-74.0
74,0.0352,@FoxNews,0.171,0.65,0.179,2017-12-13 15:50:00,-75.0
75,-0.6486,@FoxNews,0.227,0.773,0.0,2017-12-13 15:47:44,-76.0
76,-0.6486,@FoxNews,0.294,0.596,0.111,2017-12-13 15:44:24,-77.0
77,-0.6997,@FoxNews,0.293,0.707,0.0,2017-12-13 15:41:53,-78.0
78,0.91,@FoxNews,0.0,0.545,0.455,2017-12-13 15:28:29,-79.0
79,0.6353,@FoxNews,0.0,0.786,0.214,2017-12-13 15:15:06,-80.0
80,-0.3182,@FoxNews,0.223,0.777,0.0,2017-12-13 15:12:34,-81.0
81,-0.3182,@FoxNews,0.173,0.827,0.0,2017-12-13 15:04:02,-82.0
82,-0.6486,@FoxNews,0.337,0.537,0.127,2017-12-13 14:58:03,-83.0
83,0.6486,@FoxNews,0.0,0.629,0.371,2017-12-13 14:54:12,-84.0
84,0.0,@FoxNews,0.0,1.0,0.0,2017-12-13 14:52:41,-85.0
85,-0.4585,@FoxNews,0.15,0.85,0.0,2017-12-13 14:49:29,-86.0
86,0.2732,@FoxNews,0.135,0.674,0.192,2017-12-13 14:45:41,-87.0
87,0.0,@FoxNews,0.0,1.0,0.0,2017-12-13 14:40:22,-88.0
88,0.0,@FoxNews,0.0,1.0,0.0,2017-12-13 14:36:50,-89.0
89,0.7506,@FoxNews,0.0,0.709,0.291,2017-12-13 14:30:06,-90.0
90,-0.6486,@FoxNews,0.177,0.823,0.0,2017-12-13 14:25:05,-91.0
91,0.0,@FoxNews,0.0,1.0,0.0,2017-12-13 14:20:04,-92.0
92,-0.0956,@FoxNews,0.155,0.708,0.137,2017-12-13 14:15:09,-93.0
93,0.3818,@FoxNews,0.0,0.885,0.115,2017-12-13 14:07:42,-94.0
94,0.128,@FoxNews,0.0,0.8,0.2,2017-12-13 14:00:50,-95.0
95,0.3182,@FoxNews,0.0,0.839,0.161,2017-12-13 13:55:31,-96.0
96,0.5709,@FoxNews,0.0,0.793,0.207,2017-12-13 13:51:44,-97.0
97,0.5106,@FoxNews,0.089,0.701,0.21,2017-12-13 13:47:57,-98.0
98,0.5777,@FoxNews,0.0,0.828,0.172,2017-12-13 13:43:02,-99.0
99,0.3182,@FoxNews,0.0,0.827,0.173,2017-12-13 13:27:43,-100.0
0,-0.1987,@nytimes,0.315,0.537,0.149,2017-12-13 21:50:07,-1.0
1,0.0,@nytimes,0.0,1.0,0.0,2017-12-13 21:40:03,-2.0
2,-0.5574,@nytimes,0.184,0.816,0.0,2017-12-13 21:30:27,-3.0
3,-0.296,@nytimes,0.239,0.761,0.0,2017-12-13 21:20:07,-4.0
4,0.6369,@nytimes,0.0,0.792,0.208,2017-12-13 21:10:11,-5.0
5,0.0,@nytimes,0.0,1.0,0.0,2017-12-13 21:04:01,-6.0
6,-0.3182,@nytimes,0.223,0.777,0.0,2017-12-13 21:00:05,-7.0
7,0.34,@nytimes,0.0,0.888,0.112,2017-12-13 20:50:02,-8.0
8,-0.0516,@nytimes,0.22,0.606,0.174,2017-12-13 20:40:12,-9.0
9,-0.8225,@nytimes,0.342,0.602,0.056,2017-12-13 20:30:11,-10.0
10,0.5994,@nytimes,0.0,0.726,0.274,2017-12-13 20:20:18,-11.0
11,0.0,@nytimes,0.0,1.0,0.0,2017-12-13 20:10:05,-12.0
12,0.2732,@nytimes,0.0,0.871,0.129,2017-12-13 20:00:20,-13.0
13,-0.6908,@nytimes,0.305,0.695,0.0,2017-12-13 19:50:04,-14.0
14,0.5574,@nytimes,0.0,0.765,0.235,2017-12-13 19:40:11,-15.0
15,0.25,@nytimes,0.106,0.741,0.153,2017-12-13 19:36:20,-16.0
16,0.25,@nytimes,0.0,0.909,0.091,2017-12-13 19:30:08,-17.0
17,0.5859,@nytimes,0.0,0.84,0.16,2017-12-13 19:20:08,-18.0
18,0.0,@nytimes,0.0,1.0,0.0,2017-12-13 19:10:05,-19.0
19,0.0,@nytimes,0.0,1.0,0.0,2017-12-13 19:00:30,-20.0
20,-0.8281,@nytimes,0.466,0.534,0.0,2017-12-13 18:58:45,-21.0
21,0.8402,@nytimes,0.074,0.567,0.358,2017-12-13 18:55:08,-22.0
22,0.0,@nytimes,0.0,1.0,0.0,2017-12-13 18:50:09,-23.0
23,0.4767,@nytimes,0.0,0.866,0.134,2017-12-13 18:40:15,-24.0
24,0.4588,@nytimes,0.0,0.769,0.231,2017-12-13 18:30:12,-25.0
25,0.0,@nytimes,0.0,1.0,0.0,2017-12-13 18:20:15,-26.0
26,0.0,@nytimes,0.0,1.0,0.0,2017-12-13 18:09:05,-27.0
27,-0.0191,@nytimes,0.056,0.944,0.0,2017-12-13 18:09:05,-28.0
28,-0.1779,@nytimes,0.096,0.904,0.0,2017-12-13 18:09:04,-29.0
29,0.0966,@nytimes,0.132,0.675,0.193,2017-12-13 18:09:04,-30.0
30,0.34,@nytimes,0.0,0.876,0.124,2017-12-13 18:09:03,-31.0
31,-0.5945,@nytimes,0.205,0.795,0.0,2017-12-13 18:09:03,-32.0
32,0.7823,@nytimes,0.0,0.671,0.329,2017-12-13 18:09:02,-33.0
33,-0.8177,@nytimes,0.321,0.679,0.0,2017-12-13 18:05:28,-34.0
34,0.7574,@nytimes,0.0,0.745,0.255,2017-12-13 17:55:06,-35.0
35,-0.3818,@nytimes,0.106,0.894,0.0,2017-12-13 17:45:06,-36.0
36,0.0,@nytimes,0.0,1.0,0.0,2017-12-13 17:35:08,-37.0
37,0.1779,@nytimes,0.0,0.909,0.091,2017-12-13 17:25:07,-38.0
38,0.0,@nytimes,0.0,1.0,0.0,2017-12-13 17:14:18,-39.0
39,0.0,@nytimes,0.0,1.0,0.0,2017-12-13 17:10:05,-40.0
40,-0.4404,@nytimes,0.247,0.639,0.114,2017-12-13 17:00:05,-41.0
41,-0.0516,@nytimes,0.172,0.703,0.125,2017-12-13 16:50:30,-42.0
42,-0.6249,@nytimes,0.188,0.812,0.0,2017-12-13 16:35:04,-43.0
43,0.4588,@nytimes,0.0,0.85,0.15,2017-12-13 16:25:05,-44.0
44,0.3818,@nytimes,0.05,0.833,0.117,2017-12-13 16:15:10,-45.0
45,0.499,@nytimes,0.055,0.801,0.144,2017-12-13 16:00:23,-46.0
46,0.3612,@nytimes,0.0,0.848,0.152,2017-12-13 15:50:10,-47.0
47,0.3612,@nytimes,0.0,0.898,0.102,2017-12-13 15:40:06,-48.0
48,0.2263,@nytimes,0.161,0.602,0.237,2017-12-13 15:30:08,-49.0
49,0.0,@nytimes,0.0,1.0,0.0,2017-12-13 15:15:04,-50.0
50,0.0,@nytimes,0.0,1.0,0.0,2017-12-13 15:00:39,-51.0
51,-0.3612,@nytimes,0.122,0.878,0.0,2017-12-13 14:51:06,-52.0
52,-0.6597,@nytimes,0.423,0.577,0.0,2017-12-13 14:40:06,-53.0
53,0.0,@nytimes,0.0,1.0,0.0,2017-12-13 14:31:06,-54.0
54,0.5106,@nytimes,0.0,0.82,0.18,2017-12-13 14:20:11,-55.0
55,-0.1531,@nytimes,0.183,0.671,0.146,2017-12-13 14:10:03,-56.0
56,-0.5574,@nytimes,0.247,0.753,0.0,2017-12-13 14:00:20,-57.0
57,0.0,@nytimes,0.0,1.0,0.0,2017-12-13 13:50:07,-58.0
58,-0.4767,@nytimes,0.162,0.838,0.0,2017-12-13 13:39:06,-59.0
59,0.2263,@nytimes,0.0,0.909,0.091,2017-12-13 13:30:22,-60.0
60,0.0,@nytimes,0.0,1.0,0.0,2017-12-13 13:20:11,-61.0
61,-0.1027,@nytimes,0.18,0.654,0.167,2017-12-13 13:10:09,-62.0
62,0.0,@nytimes,0.0,1.0,0.0,2017-12-13 13:00:34,-63.0
63,-0.5423,@nytimes,0.179,0.821,0.0,2017-12-13 12:50:07,-64.0
64,-0.1984,@nytimes,0.106,0.894,0.0,2017-12-13 12:40:14,-65.0
65,-0.3818,@nytimes,0.231,0.769,0.0,2017-12-13 12:33:03,-66.0
66,0.4215,@nytimes,0.0,0.872,0.128,2017-12-13 12:20:09,-67.0
67,-0.5859,@nytimes,0.211,0.789,0.0,2017-12-13 12:10:07,-68.0
68,-0.34,@nytimes,0.103,0.897,0.0,2017-12-13 12:00:14,-69.0
69,0.0,@nytimes,0.0,1.0,0.0,2017-12-13 11:50:05,-70.0
70,0.1531,@nytimes,0.0,0.874,0.126,2017-12-13 11:40:07,-71.0
71,0.0,@nytimes,0.0,1.0,0.0,2017-12-13 11:30:18,-72.0
72,-0.4019,@nytimes,0.153,0.847,0.0,2017-12-13 11:15:09,-73.0
73,0.4404,@nytimes,0.0,0.818,0.182,2017-12-13 11:00:12,-74.0
74,-0.6486,@nytimes,0.185,0.815,0.0,2017-12-13 10:46:05,-75.0
75,0.2263,@nytimes,0.0,0.909,0.091,2017-12-13 10:30:15,-76.0
76,0.0,@nytimes,0.0,1.0,0.0,2017-12-13 10:15:05,-77.0
77,0.8481,@nytimes,0.0,0.635,0.365,2017-12-13 10:00:06,-78.0
78,0.3804,@nytimes,0.0,0.899,0.101,2017-12-13 09:45:05,-79.0
79,-0.34,@nytimes,0.14,0.772,0.088,2017-12-13 09:42:38,-80.0
80,-0.3612,@nytimes,0.122,0.878,0.0,2017-12-13 09:31:06,-81.0
81,-0.3182,@nytimes,0.231,0.586,0.183,2017-12-13 09:15:08,-82.0
82,0.0,@nytimes,0.0,1.0,0.0,2017-12-13 09:00:19,-83.0
83,0.0772,@nytimes,0.113,0.727,0.16,2017-12-13 08:47:03,-84.0
84,0.4754,@nytimes,0.0,0.872,0.128,2017-12-13 08:31:04,-85.0
85,-0.4404,@nytimes,0.193,0.712,0.095,2017-12-13 08:17:06,-86.0
86,-0.296,@nytimes,0.22,0.65,0.13,2017-12-13 08:02:09,-87.0
87,0.4019,@nytimes,0.0,0.787,0.213,2017-12-13 07:45:12,-88.0
88,0.6486,@nytimes,0.0,0.798,0.202,2017-12-13 07:45:07,-89.0
89,-0.25,@nytimes,0.153,0.741,0.106,2017-12-13 07:21:05,-90.0
90,-0.0772,@nytimes,0.109,0.792,0.098,2017-12-13 07:02:06,-91.0
91,0.0,@nytimes,0.0,1.0,0.0,2017-12-13 06:48:20,-92.0
92,0.0,@nytimes,0.0,1.0,0.0,2017-12-13 06:47:05,-93.0
93,0.6486,@nytimes,0.0,0.76,0.24,2017-12-13 06:37:02,-94.0
94,0.0,@nytimes,0.0,1.0,0.0,2017-12-13 06:36:55,-95.0
95,0.4939,@nytimes,0.0,0.738,0.262,2017-12-13 06:28:44,-96.0
96,0.4404,@nytimes,0.108,0.664,0.228,2017-12-13 06:27:07,-97.0
97,-0.3182,@nytimes,0.277,0.723,0.0,2017-12-13 06:24:37,-98.0
98,-0.0772,@nytimes,0.151,0.711,0.138,2017-12-13 06:17:04,-99.0
99,0.4404,@nytimes,0.0,0.847,0.153,2017-12-13 05:47:04,-100.0
